{"FeBr2VTeSe": {"stackmode": ["AA/cord1", "AA/cord3", "AA2/cord1", "AA2/cord3", "AA2-2/cord1", "AA2-2/cord3", "AB/cord1", "AB/cord3", "AB2/cord1", "AB2/cord3", "AB3/cord1", "AB3/cord3"], "magstatelist": ["FM", "FM", "FM", "FM", "FM", "FM", "FM", "FM", "FM", "AFM1", "FM", "FM"], "magstatelistcorrect": ["FM", "FM", "FM", "FM", "FM", "FM", "FM", "FM", "FM", "AFM", "FM", "FM"], "maglist": [5.3063, 5.3053, 5.3071, 5.3025, 5.3066, 5.1489, 5.3068, 5.3032, 5.3047, -2.695, 5.3069, 5.197], "magE": {"NFM": [-26.637737, -26.638944, -26.696288, -26.693486, -26.694889, -26.700108, -26.693933, -26.699701, -26.637682, -26.637208, -26.697998, -26.692828], "AFM1": [-26.632896, -26.636593, -26.689925, -26.688371, -26.688604, -26.695796, -26.687557, -26.693148, -26.630961, -26.637442, -26.69161, -26.687317], "AFM2": [], "AFM3": []}, "mag": {"NFM": [5.3063, 5.3053, 5.3071, 5.3025, 5.3066, 5.1489, 5.3068, 5.3032, 5.3047, 5.1185, 5.3069, 5.197], "AFM1": [-2.6943, -2.6964, -2.6933, -2.6976, -2.6942, -2.6976, -2.6944, -2.8192, -2.6942, -2.695, -2.6938, -2.8258], "AFM2": [], "AFM3": []}, "NFMstate": ["FM", "FM", "FM", "FM", "FM", "FM", "FM", "FM", "FM", "FM", "FM", "FM"]}, "VTe2VTe2": {"stackmode": ["AA/cord1", "AA2/cord1", "AB/cord1", "AB2/cord1", "AB3/cord1"], "magstatelist": ["AFM1", "AFM1", "AFM1", "AFM1", "AFM1"], "magstatelistcorrect": ["AFM", "AFM", "AFM", "AFM", "AFM"], "maglist": [0.0, 0.0, 0.0, -0.0, -0.0], "magE": {"NFM": [-28.002825, -28.079078, -28.082722, -28.005772, -28.059544], "AFM1": [-28.008966, -28.101222, -28.102143, -28.0127, -28.094147], "AFM2": [], "AFM3": []}, "mag": {"NFM": [2.0, 2.0003, 2.0001, 2.0, 2.0], "AFM1": [0.0, 0.0, 0.0, -0.0, -0.0], "AFM2": [], "AFM3": []}, "NFMstate": ["FM", "FM", "FM", "FM", "FM"]}, "ScBr2ScBr2": {"stackmode": ["AA/cord1", "AA2/cord1", "AB/cord1", "AB2/cord1", "AB3/cord1"], "magstatelist": ["AFM1", "FM", "AFM1", "AFM1", "FM"], "magstatelistcorrect": ["AFM", "FM", "AFM", "AFM", "FM"], "maglist": [-0.0, 2.0, 0.0, 0.0, 2.0], "magE": {"NFM": [-26.755422, -26.796204, -26.795407, -26.75574, -26.796244], "AFM1": [-26.756249, -26.796035, -26.796142, -26.756288, -26.795917], "AFM2": [], "AFM3": []}, "mag": {"NFM": [2.0, 2.0, 2.0, 2.0, 2.0], "AFM1": [-0.0, -0.0, 0.0, 0.0, 0.0], "AFM2": [], "AFM3": []}, "NFMstate": ["FM", "FM", "FM", "FM", "FM"]}}