{
    "BrFeBr": {
        "material": "1FeBr2",
        "magatom": [
            "Fe",
            null,
            null
        ],
        "magE": {
            "FM": -52.245815,
            "AFM1": -51.55854,
            "AFM2": -51.558017
        },
        "magstate": "FM"
    },
    "ClFeCl": {
        "material": "1FeCl2",
        "magatom": [
            "Fe",
            null,
            null
        ],
        "magE": {
            "FM": -56.989331,
            "AFM1": -56.131042,
            "AFM2": -56.130816
        },
        "magstate": "FM"
    },
    "IFeI": {
        "material": "1FeI2",
        "magatom": [
            "Fe",
            null,
            null
        ],
        "magE": {
            "FM": -47.163286,
            "AFM1": -46.643194,
            "AFM2": -46.643105
        },
        "magstate": "FM"
    },
    "BrScBr": {
        "material": "1ScBr2",
        "magatom": [
            "Sc",
            null,
            null
        ],
        "magE": {
            "FM": -58.42292,
            "AFM1": -58.298332,
            "AFM2": -58.298377
        },
        "magstate": "FM"
    },
    "ClScCl": {
        "material": "1ScCl2",
        "magatom": [
            "Sc",
            null,
            null
        ],
        "magE": {
            "FM": -63.797362,
            "AFM1": -63.688623,
            "AFM2": -63.688699
        },
        "magstate": "FM"
    },
    "HScH": {
        "material": "1ScH2",
        "magatom": [
            "Sc",
            null,
            null
        ],
        "magE": {
            "FM": -55.112444,
            "AFM1": -54.899263,
            "AFM2": -54.899264
        },
        "magstate": "FM"
    },
    "IScI": {
        "material": "1ScI2",
        "magatom": [
            "Sc",
            null,
            null
        ],
        "magE": {
            "FM": -52.463019,
            "AFM1": -52.335685,
            "AFM2": -52.335686
        },
        "magstate": "FM"
    },
    "OScO": {
        "material": "1ScO2",
        "magatom": [
            null,
            "O",
            "O"
        ],
        "magE": {
            "FM": -23.439284,
            "AFM1": -23.045262
        },
        "magstate": "FM"
    },
    "SScS": {
        "material": "1ScS2",
        "magatom": [
            null,
            "S",
            "S"
        ],
        "magE": {
            "FM": -18.404362,
            "AFM1": -18.209305
        },
        "magstate": "FM"
    },
    "SeScSe": {
        "material": "1ScSe2",
        "magatom": [
            null,
            "Se",
            "Se"
        ],
        "magE": {
            "FM": -16.968184,
            "AFM1": -16.816229
        },
        "magstate": "FM"
    },
    "TeVSe": {
        "material": "1SeTeV",
        "magatom": [
            "V",
            null,
            null
        ],
        "magE": {
            "FM": -70.681463,
            "AFM1": -70.430979,
            "AFM2": -70.430987
        },
        "magstate": "FM"
    },
    "SeVTe": {
        "material": "1SeTeV",
        "magatom": [
            "V",
            null,
            null
        ],
        "magE": {
            "FM": -70.681463,
            "AFM1": -70.430979,
            "AFM2": -70.430987
        },
        "magstate": "FM"
    },
    "SeVS": {
        "material": "1SSeV",
        "magatom": [
            "V",
            null,
            null
        ],
        "magE": {
            "FM": -77.643699,
            "AFM1": -77.456431,
            "AFM2": -77.456432
        },
        "magstate": "FM"
    },
    "SVSe": {
        "material": "1SSeV",
        "magatom": [
            "V",
            null,
            null
        ],
        "magE": {
            "FM": -77.643699,
            "AFM1": -77.456431,
            "AFM2": -77.456432
        },
        "magstate": "FM"
    },
    "SVS": {
        "material": "1VS2",
        "magatom": [
            "V",
            null,
            null
        ],
        "magE": {
            "FM": -80.986692,
            "AFM1": -80.832757,
            "AFM2": -80.832762
        },
        "magstate": "FM"
    },
    "SeVSe": {
        "material": "1VSe2",
        "magatom": [
            "V",
            null,
            null
        ],
        "magE": {
            "FM": -74.288943,
            "AFM1": -74.019623,
            "AFM2": -74.019631
        },
        "magstate": "FM"
    },
    "TeVTe": {
        "material": "1VTe2",
        "magatom": [
            "V",
            null,
            null
        ],
        "magE": {
            "FM": -67.123106,
            "AFM1": -66.84621,
            "AFM2": -66.846214
        },
        "magstate": "FM"
    },
    "BrYBr": {
        "material": "1YBr2",
        "magatom": [
            "Y",
            null,
            null
        ],
        "magE": {
            "FM": -60.804013,
            "AFM1": -60.737852,
            "AFM2": -60.737851
        },
        "magstate": "FM"
    },
    "ClYCl": {
        "material": "1YCl2",
        "magatom": [
            "Y",
            null,
            null
        ],
        "magE": {
            "FM": -65.843004,
            "AFM1": -65.777584,
            "AFM2": -65.77751
        },
        "magstate": "FM"
    },
    "IYI": {
        "material": "1YI2",
        "magatom": [
            "Y",
            null,
            null
        ],
        "magE": {
            "FM": -55.197313,
            "AFM1": -55.13735,
            "AFM2": -55.137351
        },
        "magstate": "FM"
    }
}